val_arc_acc,val_lab_acc
0.713975642409,0.914464495012
0.826032583203,0.935665718147
0.851211913994,0.950063203062
